Date_reported,Country_code,Country,WHO_region,New_cases,Cumulative_cases,New_deaths,Cumulative_deaths
30/1/2020,IN,India,SEARO,1,1,0,0
31/1/2020,IN,India,SEARO,4,5,0,0
1/2/2020,IN,India,SEARO,0,5,0,0
2/2/2020,IN,India,SEARO,0,5,0,0
3/2/2020,IN,India,SEARO,1,6,0,0
4/2/2020,IN,India,SEARO,4,10,0,0
5/2/2020,IN,India,SEARO,0,10,0,0
6/2/2020,IN,India,SEARO,0,10,0,0
7/2/2020,IN,India,SEARO,0,10,0,0
8/2/2020,IN,India,SEARO,0,10,0,0
9/2/2020,IN,India,SEARO,0,10,0,0
10/2/2020,IN,India,SEARO,0,10,0,0
11/2/2020,IN,India,SEARO,0,10,0,0
12/2/2020,IN,India,SEARO,0,10,0,0
13/2/2020,IN,India,SEARO,0,10,0,0
14/2/2020,IN,India,SEARO,0,10,0,0
15/2/2020,IN,India,SEARO,0,10,0,0
16/2/2020,IN,India,SEARO,0,10,0,0
17/2/2020,IN,India,SEARO,0,10,0,0
18/2/2020,IN,India,SEARO,0,10,0,0
19/2/2020,IN,India,SEARO,0,10,0,0
20/2/2020,IN,India,SEARO,0,10,0,0
21/2/2020,IN,India,SEARO,0,10,0,0
22/2/2020,IN,India,SEARO,0,10,0,0
23/2/2020,IN,India,SEARO,0,10,0,0
24/2/2020,IN,India,SEARO,0,10,0,0
25/2/2020,IN,India,SEARO,0,10,0,0
26/2/2020,IN,India,SEARO,0,10,0,0
27/2/2020,IN,India,SEARO,0,10,0,0
28/2/2020,IN,India,SEARO,0,10,0,0
29/2/2020,IN,India,SEARO,0,10,0,0
1/3/2020,IN,India,SEARO,0,10,0,0
2/3/2020,IN,India,SEARO,0,10,0,0
3/3/2020,IN,India,SEARO,4,14,0,0
4/3/2020,IN,India,SEARO,19,33,0,0
5/3/2020,IN,India,SEARO,1,34,0,0
6/3/2020,IN,India,SEARO,2,36,0,0
7/3/2020,IN,India,SEARO,3,39,0,0
8/3/2020,IN,India,SEARO,5,44,0,0
9/3/2020,IN,India,SEARO,5,49,0,0
10/3/2020,IN,India,SEARO,6,55,0,0
11/3/2020,IN,India,SEARO,10,65,0,0
12/3/2020,IN,India,SEARO,13,78,0,0
13/3/2020,IN,India,SEARO,8,86,1,1
14/3/2020,IN,India,SEARO,3,89,1,2
15/3/2020,IN,India,SEARO,23,112,0,2
16/3/2020,IN,India,SEARO,7,119,0,2
17/3/2020,IN,India,SEARO,23,142,1,3
18/3/2020,IN,India,SEARO,14,156,0,3
19/3/2020,IN,India,SEARO,22,178,1,4
20/3/2020,IN,India,SEARO,50,228,0,4
21/3/2020,IN,India,SEARO,60,288,0,4
22/3/2020,IN,India,SEARO,77,365,3,7
23/3/2020,IN,India,SEARO,74,439,2,9
24/3/2020,IN,India,SEARO,85,524,0,9
25/3/2020,IN,India,SEARO,87,611,1,10
26/3/2020,IN,India,SEARO,43,654,3,13
27/3/2020,IN,India,SEARO,75,729,4,17
28/3/2020,IN,India,SEARO,185,914,2,19
29/3/2020,IN,India,SEARO,70,984,6,25
30/3/2020,IN,India,SEARO,92,1076,4,29
31/3/2020,IN,India,SEARO,180,1256,3,32
1/4/2020,IN,India,SEARO,386,1642,6,38
2/4/2020,IN,India,SEARO,328,1970,12,50
3/4/2020,IN,India,SEARO,336,2306,6,56
4/4/2020,IN,India,SEARO,601,2907,12,68
5/4/2020,IN,India,SEARO,472,3379,9,77
6/4/2020,IN,India,SEARO,693,4072,32,109
7/4/2020,IN,India,SEARO,354,4426,5,114
8/4/2020,IN,India,SEARO,853,5279,35,149
9/4/2020,IN,India,SEARO,591,5870,20,169
10/4/2020,IN,India,SEARO,547,6417,30,199
11/4/2020,IN,India,SEARO,1035,7452,40,239
12/4/2020,IN,India,SEARO,909,8361,34,273
13/4/2020,IN,India,SEARO,796,9157,35,308
14/4/2020,IN,India,SEARO,1211,10368,31,339
15/4/2020,IN,India,SEARO,1076,11444,38,377
16/4/2020,IN,India,SEARO,941,12385,37,414
17/4/2020,IN,India,SEARO,1007,13392,23,437
18/4/2020,IN,India,SEARO,991,14383,43,480
19/4/2020,IN,India,SEARO,1334,15717,27,507
20/4/2020,IN,India,SEARO,1553,17270,36,543
21/4/2020,IN,India,SEARO,1336,18606,47,590
22/4/2020,IN,India,SEARO,1383,19989,50,640
23/4/2020,IN,India,SEARO,1409,21398,41,681
24/4/2020,IN,India,SEARO,1684,23082,37,718
25/4/2020,IN,India,SEARO,1429,24511,57,775
26/4/2020,IN,India,SEARO,1990,26501,49,824
27/4/2020,IN,India,SEARO,1396,27897,48,872
28/4/2020,IN,India,SEARO,1543,29440,62,934
29/4/2020,IN,India,SEARO,1897,31337,73,1007
30/4/2020,IN,India,SEARO,1718,33055,67,1074
1/5/2020,IN,India,SEARO,1993,35048,73,1147
2/5/2020,IN,India,SEARO,2293,37341,71,1218
3/5/2020,IN,India,SEARO,2644,39985,83,1301
4/5/2020,IN,India,SEARO,2553,42538,72,1373
5/5/2020,IN,India,SEARO,3900,46438,195,1568
6/5/2020,IN,India,SEARO,2958,49396,126,1694
7/5/2020,IN,India,SEARO,3561,52957,89,1783
8/5/2020,IN,India,SEARO,3390,56347,103,1886
9/5/2020,IN,India,SEARO,3320,59667,95,1981
10/5/2020,IN,India,SEARO,3277,62944,128,2109
11/5/2020,IN,India,SEARO,4213,67157,97,2206
12/5/2020,IN,India,SEARO,3604,70761,87,2293
13/5/2020,IN,India,SEARO,3525,74286,122,2415
14/5/2020,IN,India,SEARO,3722,78008,134,2549
15/5/2020,IN,India,SEARO,3967,81975,100,2649
16/5/2020,IN,India,SEARO,3970,85945,103,2752
17/5/2020,IN,India,SEARO,4987,90932,120,2872
18/5/2020,IN,India,SEARO,5242,96174,157,3029
19/5/2020,IN,India,SEARO,4970,101144,134,3163
20/5/2020,IN,India,SEARO,5611,106755,140,3303
21/5/2020,IN,India,SEARO,5609,112364,132,3435
22/5/2020,IN,India,SEARO,6088,118452,148,3583
23/5/2020,IN,India,SEARO,6654,125106,137,3720
24/5/2020,IN,India,SEARO,6767,131873,147,3867
25/5/2020,IN,India,SEARO,6977,138850,154,4021
26/5/2020,IN,India,SEARO,6535,145385,146,4167
27/5/2020,IN,India,SEARO,6387,151772,170,4337
28/5/2020,IN,India,SEARO,6566,158338,194,4531
29/5/2020,IN,India,SEARO,7466,165804,175,4706
30/5/2020,IN,India,SEARO,7964,173768,265,4971
31/5/2020,IN,India,SEARO,8380,182148,193,5164
1/6/2020,IN,India,SEARO,8392,190540,230,5394
2/6/2020,IN,India,SEARO,8171,198711,204,5598
3/6/2020,IN,India,SEARO,8909,207620,217,5815
4/6/2020,IN,India,SEARO,9304,216924,260,6075
5/6/2020,IN,India,SEARO,9851,226775,273,6348
6/6/2020,IN,India,SEARO,9887,236662,294,6642
7/6/2020,IN,India,SEARO,9971,246633,287,6929
8/6/2020,IN,India,SEARO,9983,256616,271,7200
9/6/2020,IN,India,SEARO,9987,266603,271,7471
10/6/2020,IN,India,SEARO,9985,276588,274,7745
11/6/2020,IN,India,SEARO,9996,286584,357,8102
12/6/2020,IN,India,SEARO,10956,297540,396,8498
13/6/2020,IN,India,SEARO,11458,308998,386,8884
14/6/2020,IN,India,SEARO,11929,320927,311,9195
15/6/2020,IN,India,SEARO,11502,332429,325,9520
16/6/2020,IN,India,SEARO,10667,343096,380,9900
17/6/2020,IN,India,SEARO,10974,354070,2003,11903
18/6/2020,IN,India,SEARO,12881,366951,334,12237
19/6/2020,IN,India,SEARO,13586,380537,336,12573
20/6/2020,IN,India,SEARO,14516,395053,375,12948
21/6/2020,IN,India,SEARO,15413,410466,306,13254
22/6/2020,IN,India,SEARO,14821,425287,445,13699
23/6/2020,IN,India,SEARO,14933,440220,312,14011
24/6/2020,IN,India,SEARO,15968,456188,465,14476
25/6/2020,IN,India,SEARO,16922,473110,418,14894
26/6/2020,IN,India,SEARO,17296,490406,407,15301
27/6/2020,IN,India,SEARO,18552,508958,384,15685
28/6/2020,IN,India,SEARO,19906,528864,410,16095
29/6/2020,IN,India,SEARO,19459,548323,380,16475
30/6/2020,IN,India,SEARO,18522,566845,418,16893
1/7/2020,IN,India,SEARO,18653,585498,507,17400
2/7/2020,IN,India,SEARO,19148,604646,434,17834
3/7/2020,IN,India,SEARO,20903,625549,379,18213
4/7/2020,IN,India,SEARO,22771,648320,442,18655
5/7/2020,IN,India,SEARO,24850,673170,613,19268
6/7/2020,IN,India,SEARO,24248,697418,425,19693
7/7/2020,IN,India,SEARO,22252,719670,467,20160
8/7/2020,IN,India,SEARO,22752,742422,482,20642
9/7/2020,IN,India,SEARO,24879,767301,487,21129
10/7/2020,IN,India,SEARO,26506,793807,475,21604
11/7/2020,IN,India,SEARO,27114,820921,519,22123
12/7/2020,IN,India,SEARO,28637,849558,551,22674
13/7/2020,IN,India,SEARO,28701,878259,500,23174
14/7/2020,IN,India,SEARO,28498,906757,553,23727
15/7/2020,IN,India,SEARO,29429,936186,582,24309
16/7/2020,IN,India,SEARO,32695,968881,606,24915
17/7/2020,IN,India,SEARO,34956,1003837,687,25602
18/7/2020,IN,India,SEARO,34884,1038721,671,26273
19/7/2020,IN,India,SEARO,38902,1077623,543,26816
20/7/2020,IN,India,SEARO,40425,1118048,681,27497
21/7/2020,IN,India,SEARO,37148,1155196,587,28084
22/7/2020,IN,India,SEARO,37724,1192920,648,28732
23/7/2020,IN,India,SEARO,45720,1238640,1129,29861
24/7/2020,IN,India,SEARO,49310,1287950,740,30601
25/7/2020,IN,India,SEARO,48916,1336866,757,31358
26/7/2020,IN,India,SEARO,48661,1385527,705,32063
27/7/2020,IN,India,SEARO,49931,1435458,708,32771
28/7/2020,IN,India,SEARO,47703,1483161,654,33425
29/7/2020,IN,India,SEARO,48513,1531674,768,34193
30/7/2020,IN,India,SEARO,52123,1583797,775,34968
31/7/2020,IN,India,SEARO,55078,1638875,779,35747
1/8/2020,IN,India,SEARO,57118,1695993,764,36511
2/8/2020,IN,India,SEARO,54735,1750728,853,37364
3/8/2020,IN,India,SEARO,52972,1803700,771,38135
4/8/2020,IN,India,SEARO,52050,1855750,803,38938
5/8/2020,IN,India,SEARO,52509,1908259,857,39795
6/8/2020,IN,India,SEARO,56282,1964541,904,40699
7/8/2020,IN,India,SEARO,62538,2027079,886,41585
8/8/2020,IN,India,SEARO,61537,2088616,933,42518
9/8/2020,IN,India,SEARO,64399,2153015,861,43379
10/8/2020,IN,India,SEARO,62064,2215079,1007,44386
11/8/2020,IN,India,SEARO,53601,2268680,871,45257
12/8/2020,IN,India,SEARO,60963,2329643,834,46091
13/8/2020,IN,India,SEARO,66999,2396642,942,47033
14/8/2020,IN,India,SEARO,64553,2461195,1007,48040
15/8/2020,IN,India,SEARO,65002,2526197,996,49036
16/8/2020,IN,India,SEARO,63490,2589687,944,49980
17/8/2020,IN,India,SEARO,57981,2647668,941,50921
18/8/2020,IN,India,SEARO,55079,2702747,876,51797
19/8/2020,IN,India,SEARO,64531,2767278,1092,52889
20/8/2020,IN,India,SEARO,69652,2836930,977,53866
21/8/2020,IN,India,SEARO,68898,2905828,983,54849
22/8/2020,IN,India,SEARO,69878,2975706,945,55794
23/8/2020,IN,India,SEARO,69239,3044945,912,56706
24/8/2020,IN,India,SEARO,61408,3106353,836,57542
25/8/2020,IN,India,SEARO,60975,3167328,848,58390
26/8/2020,IN,India,SEARO,67151,3234479,1059,59449
27/8/2020,IN,India,SEARO,75760,3310239,1023,60472
28/8/2020,IN,India,SEARO,77266,3387505,1057,61529
29/8/2020,IN,India,SEARO,76472,3463977,1021,62550
30/8/2020,IN,India,SEARO,78761,3542738,948,63498
31/8/2020,IN,India,SEARO,78512,3621250,971,64469
1/9/2020,IN,India,SEARO,69921,3691171,819,65288
2/9/2020,IN,India,SEARO,78357,3769528,1045,66333
3/9/2020,IN,India,SEARO,83883,3853411,1043,67376
4/9/2020,IN,India,SEARO,83341,3936752,1096,68472
5/9/2020,IN,India,SEARO,86432,4023184,1089,69561
6/9/2020,IN,India,SEARO,90632,4113816,1065,70626
7/9/2020,IN,India,SEARO,90802,4204618,1016,71642
8/9/2020,IN,India,SEARO,75809,4280427,1133,72775
9/9/2020,IN,India,SEARO,89706,4370133,1115,73890
10/9/2020,IN,India,SEARO,95735,4465868,1172,75062
11/9/2020,IN,India,SEARO,96551,4562419,1209,76271
12/9/2020,IN,India,SEARO,97570,4659989,1201,77472
13/9/2020,IN,India,SEARO,94372,4754361,1114,78586
14/9/2020,IN,India,SEARO,92071,4846432,1136,79722
15/9/2020,IN,India,SEARO,83809,4930241,1054,80776
16/9/2020,IN,India,SEARO,90123,5020364,1290,82066
17/9/2020,IN,India,SEARO,97894,5118258,1132,83198
18/9/2020,IN,India,SEARO,96424,5214682,1174,84372
19/9/2020,IN,India,SEARO,93337,5308019,1247,85619
20/9/2020,IN,India,SEARO,92605,5400624,1133,86752
21/9/2020,IN,India,SEARO,86961,5487585,1130,87882
22/9/2020,IN,India,SEARO,75083,5562668,1053,88935
23/9/2020,IN,India,SEARO,83347,5646015,1085,90020
24/9/2020,IN,India,SEARO,86508,5732523,1129,91149
25/9/2020,IN,India,SEARO,86052,5818575,1141,92290
26/9/2020,IN,India,SEARO,85362,5903937,1089,93379
27/9/2020,IN,India,SEARO,88600,5992537,1124,94503
28/9/2020,IN,India,SEARO,82170,6074707,1039,95542
29/9/2020,IN,India,SEARO,70589,6145296,776,96318
30/9/2020,IN,India,SEARO,80472,6225768,1179,97497
1/10/2020,IN,India,SEARO,86821,6312589,1181,98678
2/10/2020,IN,India,SEARO,81484,6394073,1095,99773
3/10/2020,IN,India,SEARO,79476,6473549,1069,100842
4/10/2020,IN,India,SEARO,75829,6549378,940,101782
5/10/2020,IN,India,SEARO,74442,6623820,903,102685
6/10/2020,IN,India,SEARO,61267,6685087,884,103569
7/10/2020,IN,India,SEARO,72049,6757136,986,104555
8/10/2020,IN,India,SEARO,78524,6835660,971,105526
9/10/2020,IN,India,SEARO,70496,6906156,964,106490
10/10/2020,IN,India,SEARO,73272,6979428,926,107416
11/10/2020,IN,India,SEARO,74383,7053811,918,108334
12/10/2020,IN,India,SEARO,66732,7120543,816,109150
13/10/2020,IN,India,SEARO,55342,7175885,706,109856
14/10/2020,IN,India,SEARO,63509,7239394,730,110586
15/10/2020,IN,India,SEARO,67708,7307102,680,111266
16/10/2020,IN,India,SEARO,63371,7370473,895,112161
17/10/2020,IN,India,SEARO,62212,7432685,837,112998
18/10/2020,IN,India,SEARO,61871,7494556,1033,114031
19/10/2020,IN,India,SEARO,55722,7550278,579,114610
20/10/2020,IN,India,SEARO,46790,7597068,587,115197
21/10/2020,IN,India,SEARO,54044,7651112,717,115914
22/10/2020,IN,India,SEARO,55839,7706951,702,116616
23/10/2020,IN,India,SEARO,54366,7761317,690,117306
24/10/2020,IN,India,SEARO,53370,7814687,650,117956
25/10/2020,IN,India,SEARO,50129,7864816,578,118534
26/10/2020,IN,India,SEARO,45148,7909964,480,119014
27/10/2020,IN,India,SEARO,36470,7946434,488,119502
28/10/2020,IN,India,SEARO,43893,7990327,508,120010
29/10/2020,IN,India,SEARO,49881,8040208,517,120527
30/10/2020,IN,India,SEARO,48648,8088856,563,121090
31/10/2020,IN,India,SEARO,48268,8137124,551,121641
1/11/2020,IN,India,SEARO,46963,8184087,470,122111
2/11/2020,IN,India,SEARO,45231,8229318,496,122607
3/11/2020,IN,India,SEARO,38310,8267628,490,123097
4/11/2020,IN,India,SEARO,46253,8313881,514,123611
5/11/2020,IN,India,SEARO,50210,8364091,704,124315
6/11/2020,IN,India,SEARO,47638,8411729,670,124985
7/11/2020,IN,India,SEARO,50356,8462085,577,125562
8/11/2020,IN,India,SEARO,45674,8507759,559,126121
9/11/2020,IN,India,SEARO,45903,8553662,490,126611
10/11/2020,IN,India,SEARO,38073,8591735,448,127059
11/11/2020,IN,India,SEARO,44281,8636016,512,127571
12/11/2020,IN,India,SEARO,47905,8683921,550,128121
13/11/2020,IN,India,SEARO,44879,8728800,547,128668
14/11/2020,IN,India,SEARO,44684,8773484,520,129188
15/11/2020,IN,India,SEARO,41100,8814584,447,129635
16/11/2020,IN,India,SEARO,30548,8845132,435,130070
17/11/2020,IN,India,SEARO,29163,8874295,449,130519
18/11/2020,IN,India,SEARO,38617,8912912,474,130993
19/11/2020,IN,India,SEARO,45576,8958488,585,131578
20/11/2020,IN,India,SEARO,45882,9004370,584,132162
21/11/2020,IN,India,SEARO,46232,9050602,564,132726
22/11/2020,IN,India,SEARO,45209,9095811,501,133227
23/11/2020,IN,India,SEARO,44059,9139870,511,133738
24/11/2020,IN,India,SEARO,37975,9177845,480,134218
25/11/2020,IN,India,SEARO,44376,9222221,481,134699
26/11/2020,IN,India,SEARO,44489,9266710,524,135223
27/11/2020,IN,India,SEARO,43082,9309792,492,135715
28/11/2020,IN,India,SEARO,41322,9351114,485,136200
29/11/2020,IN,India,SEARO,41810,9392924,496,136696
30/11/2020,IN,India,SEARO,38772,9431696,443,137139
1/12/2020,IN,India,SEARO,31118,9462814,482,137621
2/12/2020,IN,India,SEARO,36604,9499418,501,138122
3/12/2020,IN,India,SEARO,35551,9534969,526,138648
4/12/2020,IN,India,SEARO,36595,9571564,540,139188
5/12/2020,IN,India,SEARO,36652,9608216,512,139700
6/12/2020,IN,India,SEARO,36011,9644227,482,140182
7/12/2020,IN,India,SEARO,32981,9677208,391,140573
8/12/2020,IN,India,SEARO,26567,9703775,385,140958
9/12/2020,IN,India,SEARO,32080,9735855,402,141360
10/12/2020,IN,India,SEARO,31521,9767376,412,141772
11/12/2020,IN,India,SEARO,29398,9796774,414,142186
12/12/2020,IN,India,SEARO,30006,9826780,442,142628
13/12/2020,IN,India,SEARO,30254,9857034,391,143019
14/12/2020,IN,India,SEARO,27071,9884105,336,143355
15/12/2020,IN,India,SEARO,22065,9906170,354,143709
16/12/2020,IN,India,SEARO,26382,9932552,387,144096
17/12/2020,IN,India,SEARO,24010,9956562,355,144451
18/12/2020,IN,India,SEARO,22890,9979452,338,144789
19/12/2020,IN,India,SEARO,25152,10004604,347,145136
20/12/2020,IN,India,SEARO,26624,10031228,341,145477
21/12/2020,IN,India,SEARO,24337,10055565,333,145810
22/12/2020,IN,India,SEARO,19556,10075121,301,146111
23/12/2020,IN,India,SEARO,23950,10099071,333,146444
24/12/2020,IN,India,SEARO,24712,10123783,312,146756
25/12/2020,IN,India,SEARO,23067,10146850,336,147092
26/12/2020,IN,India,SEARO,22273,10169123,251,147343
27/12/2020,IN,India,SEARO,18732,10187855,279,147622
28/12/2020,IN,India,SEARO,20021,10207876,279,147901
29/12/2020,IN,India,SEARO,16432,10224308,252,148153
30/12/2020,IN,India,SEARO,20549,10244857,286,148439
31/12/2020,IN,India,SEARO,21822,10266679,299,148738
1/1/2021,IN,India,SEARO,20035,10286714,256,148994
2/1/2021,IN,India,SEARO,19079,10305793,224,149218
3/1/2021,IN,India,SEARO,18177,10323970,217,149435
4/1/2021,IN,India,SEARO,16504,10340474,214,149649
5/1/2021,IN,India,SEARO,16375,10356849,201,149850
6/1/2021,IN,India,SEARO,18088,10374937,264,150114
7/1/2021,IN,India,SEARO,20346,10395283,222,150336
8/1/2021,IN,India,SEARO,18139,10413422,234,150570
9/1/2021,IN,India,SEARO,18222,10431644,228,150798
10/1/2021,IN,India,SEARO,18645,10450289,201,150999
11/1/2021,IN,India,SEARO,16311,10466600,161,151160
12/1/2021,IN,India,SEARO,12584,10479184,167,151327
13/1/2021,IN,India,SEARO,15968,10495152,202,151529
14/1/2021,IN,India,SEARO,16946,10512098,198,151727
15/1/2021,IN,India,SEARO,15590,10527688,191,151918
16/1/2021,IN,India,SEARO,15158,10542846,175,152093
17/1/2021,IN,India,SEARO,15144,10557990,181,152274
18/1/2021,IN,India,SEARO,13788,10571778,145,152419
19/1/2021,IN,India,SEARO,10064,10581842,137,152556
20/1/2021,IN,India,SEARO,13823,10595665,162,152718
21/1/2021,IN,India,SEARO,15223,10610888,151,152869
22/1/2021,IN,India,SEARO,14545,10625433,163,153032
23/1/2021,IN,India,SEARO,14256,10639689,152,153184
24/1/2021,IN,India,SEARO,14849,10654538,155,153339
25/1/2021,IN,India,SEARO,13203,10667741,131,153470
26/1/2021,IN,India,SEARO,9102,10676843,117,153587
27/1/2021,IN,India,SEARO,12689,10689532,137,153724
28/1/2021,IN,India,SEARO,11666,10701198,123,153847
29/1/2021,IN,India,SEARO,18855,10720053,163,154010
30/1/2021,IN,India,SEARO,13083,10733136,137,154147
31/1/2021,IN,India,SEARO,13052,10746188,127,154274
1/2/2021,IN,India,SEARO,11427,10757615,118,154392
2/2/2021,IN,India,SEARO,8635,10766250,94,154486
3/2/2021,IN,India,SEARO,11039,10777289,110,154596
4/2/2021,IN,India,SEARO,12899,10790188,107,154703
5/2/2021,IN,India,SEARO,12408,10802596,120,154823
6/2/2021,IN,India,SEARO,11713,10814309,95,154918
7/2/2021,IN,India,SEARO,12059,10826368,78,154996
8/2/2021,IN,India,SEARO,11831,10838199,84,155080
9/2/2021,IN,India,SEARO,9110,10847309,78,155158
10/2/2021,IN,India,SEARO,11067,10858376,94,155252
11/2/2021,IN,India,SEARO,12923,10871299,108,155360
12/2/2021,IN,India,SEARO,9309,10880608,87,155447
13/2/2021,IN,India,SEARO,12143,10892751,103,155550
14/2/2021,IN,India,SEARO,12194,10904945,92,155642
15/2/2021,IN,India,SEARO,11649,10916594,90,155732
16/2/2021,IN,India,SEARO,9121,10925715,81,155813
17/2/2021,IN,India,SEARO,11610,10937325,100,155913
18/2/2021,IN,India,SEARO,12881,10950206,101,156014
19/2/2021,IN,India,SEARO,13193,10963399,97,156111
20/2/2021,IN,India,SEARO,13993,10977392,101,156212
21/2/2021,IN,India,SEARO,14264,10991656,90,156302
22/2/2021,IN,India,SEARO,14199,11005855,83,156385
23/2/2021,IN,India,SEARO,10584,11016439,78,156463
24/2/2021,IN,India,SEARO,13742,11030181,104,156567
25/2/2021,IN,India,SEARO,16738,11046919,138,156705
26/2/2021,IN,India,SEARO,16577,11063496,120,156825
27/2/2021,IN,India,SEARO,16488,11079984,113,156938
28/2/2021,IN,India,SEARO,16752,11096736,113,157051
1/3/2021,IN,India,SEARO,15510,11112246,106,157157
2/3/2021,IN,India,SEARO,12286,11124532,91,157248
3/3/2021,IN,India,SEARO,14989,11139521,98,157346
4/3/2021,IN,India,SEARO,17407,11156928,89,157435
5/3/2021,IN,India,SEARO,16838,11173766,113,157548
6/3/2021,IN,India,SEARO,18327,11192093,108,157656
7/3/2021,IN,India,SEARO,18711,11210804,100,157756
8/3/2021,IN,India,SEARO,18599,11229403,97,157853
9/3/2021,IN,India,SEARO,15388,11244791,77,157930
10/3/2021,IN,India,SEARO,17921,11262712,133,158063
11/3/2021,IN,India,SEARO,22854,11285566,126,158189
12/3/2021,IN,India,SEARO,23285,11308851,117,158306
13/3/2021,IN,India,SEARO,24882,11333733,140,158446
14/3/2021,IN,India,SEARO,25320,11359053,161,158607
15/3/2021,IN,India,SEARO,26291,11385344,118,158725
16/3/2021,IN,India,SEARO,24492,11409836,131,158856
17/3/2021,IN,India,SEARO,28903,11438739,188,159044
18/3/2021,IN,India,SEARO,35871,11474610,172,159216
19/3/2021,IN,India,SEARO,39726,11514336,154,159370
20/3/2021,IN,India,SEARO,40953,11555289,188,159558
21/3/2021,IN,India,SEARO,43846,11599135,197,159755
22/3/2021,IN,India,SEARO,46951,11646086,212,159967
23/3/2021,IN,India,SEARO,40715,11686801,199,160166
24/3/2021,IN,India,SEARO,47262,11734063,275,160441
25/3/2021,IN,India,SEARO,53476,11787539,251,160692
26/3/2021,IN,India,SEARO,59118,11846657,257,160949
27/3/2021,IN,India,SEARO,62258,11908915,291,161240
28/3/2021,IN,India,SEARO,62714,11971629,312,161552
29/3/2021,IN,India,SEARO,68020,12039649,291,161843
30/3/2021,IN,India,SEARO,56211,12095860,271,162114
31/3/2021,IN,India,SEARO,53480,12149340,354,162468
1/4/2021,IN,India,SEARO,72330,12221670,459,162927
2/4/2021,IN,India,SEARO,81466,12303136,469,163396
3/4/2021,IN,India,SEARO,89129,12392265,714,164110
4/4/2021,IN,India,SEARO,93249,12485514,513,164623
5/4/2021,IN,India,SEARO,103558,12589072,478,165101
6/4/2021,IN,India,SEARO,96982,12686054,446,165547
7/4/2021,IN,India,SEARO,115736,12801790,630,166177
8/4/2021,IN,India,SEARO,126789,12928579,685,166862
9/4/2021,IN,India,SEARO,131968,13060547,780,167642
10/4/2021,IN,India,SEARO,145384,13205931,794,168436
11/4/2021,IN,India,SEARO,152879,13358810,839,169275
12/4/2021,IN,India,SEARO,168912,13527722,904,170179
13/4/2021,IN,India,SEARO,161736,13689458,879,171058
14/4/2021,IN,India,SEARO,184372,13873830,1027,172085
15/4/2021,IN,India,SEARO,200739,14074569,1038,173123
16/4/2021,IN,India,SEARO,217353,14291922,1185,174308
17/4/2021,IN,India,SEARO,234692,14526614,1341,175649
18/4/2021,IN,India,SEARO,261500,14788114,1501,177150
19/4/2021,IN,India,SEARO,273810,15061924,1619,178769
20/4/2021,IN,India,SEARO,259170,15321094,1761,180530
21/4/2021,IN,India,SEARO,295041,15616135,2023,182553
22/4/2021,IN,India,SEARO,314835,15930970,2104,184657
23/4/2021,IN,India,SEARO,332730,16263700,2263,186920
24/4/2021,IN,India,SEARO,346786,16610486,2624,189544
25/4/2021,IN,India,SEARO,349691,16960177,2767,192311
26/4/2021,IN,India,SEARO,352991,17313168,2812,195123
27/4/2021,IN,India,SEARO,323144,17636312,2771,197894
28/4/2021,IN,India,SEARO,360960,17997272,3293,201187
29/4/2021,IN,India,SEARO,379257,18376529,3645,204832
30/4/2021,IN,India,SEARO,386452,18762981,3498,208330
1/5/2021,IN,India,SEARO,401993,19164974,3523,211853
2/5/2021,IN,India,SEARO,392488,19557462,3689,215542
3/5/2021,IN,India,SEARO,368147,19925609,3417,218959
4/5/2021,IN,India,SEARO,357229,20282838,3449,222408
5/5/2021,IN,India,SEARO,382315,20665153,3780,226188
6/5/2021,IN,India,SEARO,412262,21077415,3980,230168
7/5/2021,IN,India,SEARO,414188,21491603,3915,234083
8/5/2021,IN,India,SEARO,401078,21892681,4187,238270
9/5/2021,IN,India,SEARO,403738,22296419,4092,242362
10/5/2021,IN,India,SEARO,366161,22662580,3754,246116
11/5/2021,IN,India,SEARO,329942,22992522,3876,249992
12/5/2021,IN,India,SEARO,348421,23340943,4205,254197
13/5/2021,IN,India,SEARO,362727,23703670,4120,258317
14/5/2021,IN,India,SEARO,343144,24046814,4000,262317
15/5/2021,IN,India,SEARO,326098,24372912,3890,266207
16/5/2021,IN,India,SEARO,311170,24684082,4077,270284
17/5/2021,IN,India,SEARO,281386,24965468,4106,274390
18/5/2021,IN,India,SEARO,263533,25229001,4329,278719
19/5/2021,IN,India,SEARO,267334,25496335,4529,283248
20/5/2021,IN,India,SEARO,276110,25772445,3874,287122
21/5/2021,IN,India,SEARO,259551,26031996,4209,291331
22/5/2021,IN,India,SEARO,257299,26289295,4194,295525
23/5/2021,IN,India,SEARO,240842,26530137,3741,299266
24/5/2021,IN,India,SEARO,222315,26752452,4454,303720
25/5/2021,IN,India,SEARO,196427,26948879,3511,307231
26/5/2021,IN,India,SEARO,208921,27157800,4157,311388
27/5/2021,IN,India,SEARO,211298,27369098,3847,315235
28/5/2021,IN,India,SEARO,186364,27555462,3660,318895
29/5/2021,IN,India,SEARO,173790,27729252,3617,322512
30/5/2021,IN,India,SEARO,165553,27894805,3460,325972
31/5/2021,IN,India,SEARO,152734,28047539,3128,329100
1/6/2021,IN,India,SEARO,127510,28175049,2795,331895
2/6/2021,IN,India,SEARO,132788,28307837,3207,335102
3/6/2021,IN,India,SEARO,134154,28441991,2887,337989
4/6/2021,IN,India,SEARO,132364,28574355,2713,340702
5/6/2021,IN,India,SEARO,120529,28694884,3380,344082
6/6/2021,IN,India,SEARO,114460,28809344,2677,346759
7/6/2021,IN,India,SEARO,100636,28909980,2427,349186
8/6/2021,IN,India,SEARO,86498,28996478,2123,351309
9/6/2021,IN,India,SEARO,92596,29089074,2219,353528
10/6/2021,IN,India,SEARO,94052,29183126,6148,359676
11/6/2021,IN,India,SEARO,91702,29274828,3403,363079
12/6/2021,IN,India,SEARO,84332,29359160,4002,367081
13/6/2021,IN,India,SEARO,80834,29439994,3303,370384
14/6/2021,IN,India,SEARO,70421,29510415,3921,374305
15/6/2021,IN,India,SEARO,60471,29570886,2726,377031
16/6/2021,IN,India,SEARO,62224,29633110,2542,379573
17/6/2021,IN,India,SEARO,67208,29700318,2330,381903
18/6/2021,IN,India,SEARO,62480,29762798,1587,383490
19/6/2021,IN,India,SEARO,60753,29823551,1647,385137
20/6/2021,IN,India,SEARO,58419,29881970,1576,386713
21/6/2021,IN,India,SEARO,53256,29935226,1422,388135
22/6/2021,IN,India,SEARO,42640,29977866,1167,389302
23/6/2021,IN,India,SEARO,50848,30028714,1358,390660
24/6/2021,IN,India,SEARO,54069,30082783,1321,391981
25/6/2021,IN,India,SEARO,51667,30134450,1329,393310
26/6/2021,IN,India,SEARO,48698,30183148,1183,394493
27/6/2021,IN,India,SEARO,50040,30233188,1258,395751
28/6/2021,IN,India,SEARO,46148,30279336,979,396730
29/6/2021,IN,India,SEARO,37566,30316902,907,397637
30/6/2021,IN,India,SEARO,45951,30362853,817,398454
1/7/2021,IN,India,SEARO,48786,30411639,1005,399459
2/7/2021,IN,India,SEARO,46617,30458256,853,400312
3/7/2021,IN,India,SEARO,44111,30502367,738,401050
4/7/2021,IN,India,SEARO,43071,30545438,955,402005
5/7/2021,IN,India,SEARO,39796,30585234,723,402728
6/7/2021,IN,India,SEARO,34703,30619937,553,403281
7/7/2021,IN,India,SEARO,43733,30663670,930,404211
8/7/2021,IN,India,SEARO,45892,30709562,817,405028
9/7/2021,IN,India,SEARO,43393,30752955,911,405939
10/7/2021,IN,India,SEARO,42766,30795721,1206,407145
11/7/2021,IN,India,SEARO,41506,30837227,895,408040
12/7/2021,IN,India,SEARO,37154,30874381,724,408764
13/7/2021,IN,India,SEARO,32906,30907287,2020,410784
14/7/2021,IN,India,SEARO,38792,30946079,624,411408
15/7/2021,IN,India,SEARO,41806,30987885,581,411989
16/7/2021,IN,India,SEARO,38949,31026834,542,412531
17/7/2021,IN,India,SEARO,38079,31064913,560,413091
18/7/2021,IN,India,SEARO,41157,31106070,518,413609
19/7/2021,IN,India,SEARO,38164,31144234,499,414108
20/7/2021,IN,India,SEARO,30093,31174327,374,414482
21/7/2021,IN,India,SEARO,42015,31216342,3998,418480
22/7/2021,IN,India,SEARO,41383,31257725,507,418987
23/7/2021,IN,India,SEARO,35342,31293067,483,419470
24/7/2021,IN,India,SEARO,39097,31332164,546,420016
25/7/2021,IN,India,SEARO,39742,31371906,535,420551
26/7/2021,IN,India,SEARO,39361,31411267,416,420967
27/7/2021,IN,India,SEARO,29689,31440956,415,421382
28/7/2021,IN,India,SEARO,43654,31484610,640,422022
29/7/2021,IN,India,SEARO,43509,31528119,640,422662
30/7/2021,IN,India,SEARO,44230,31572349,555,423217
31/7/2021,IN,India,SEARO,41649,31613998,593,423810
1/8/2021,IN,India,SEARO,41831,31655829,541,424351
2/8/2021,IN,India,SEARO,40134,31695963,422,424773
3/8/2021,IN,India,SEARO,30549,31726512,422,425195
4/8/2021,IN,India,SEARO,42625,31769137,562,425757
5/8/2021,IN,India,SEARO,42982,31812119,533,426290
6/8/2021,IN,India,SEARO,44643,31856762,464,426754
7/8/2021,IN,India,SEARO,38628,31895390,617,427371
8/8/2021,IN,India,SEARO,39070,31934460,491,427862
9/8/2021,IN,India,SEARO,35499,31969959,447,428309
10/8/2021,IN,India,SEARO,28204,31998163,373,428682
11/8/2021,IN,India,SEARO,38353,32036516,497,429179
12/8/2021,IN,India,SEARO,41195,32077711,490,429669
13/8/2021,IN,India,SEARO,40120,32117831,585,430254
14/8/2021,IN,India,SEARO,38667,32156498,478,430732
15/8/2021,IN,India,SEARO,36083,32192581,493,431225
16/8/2021,IN,India,SEARO,32937,32225518,417,431642
17/8/2021,IN,India,SEARO,25166,32250684,437,432079
18/8/2021,IN,India,SEARO,35178,32285862,440,432519
19/8/2021,IN,India,SEARO,36401,32322263,530,433049
20/8/2021,IN,India,SEARO,36571,32358834,540,433589
21/8/2021,IN,India,SEARO,34457,32393291,375,433964
22/8/2021,IN,India,SEARO,30948,32424239,403,434367
23/8/2021,IN,India,SEARO,25072,32449311,389,434756
24/8/2021,IN,India,SEARO,25467,32474778,354,435110
25/8/2021,IN,India,SEARO,37593,32512371,648,435758
26/8/2021,IN,India,SEARO,46164,32558535,607,436365
27/8/2021,IN,India,SEARO,44658,32603193,496,436861
28/8/2021,IN,India,SEARO,46759,32649952,509,437370
29/8/2021,IN,India,SEARO,45083,32695035,460,437830
30/8/2021,IN,India,SEARO,42909,32737944,380,438210
31/8/2021,IN,India,SEARO,30941,32768885,350,438560
1/9/2021,IN,India,SEARO,41965,32810850,460,439020
2/9/2021,IN,India,SEARO,47092,32857942,509,439529
3/9/2021,IN,India,SEARO,45352,32903294,366,439895
4/9/2021,IN,India,SEARO,42618,32945912,330,440225
5/9/2021,IN,India,SEARO,42766,32988678,308,440533
6/9/2021,IN,India,SEARO,38948,33027626,219,440752
7/9/2021,IN,India,SEARO,31222,33058848,290,441042
8/9/2021,IN,India,SEARO,37875,33096723,369,441411
9/9/2021,IN,India,SEARO,43263,33139986,338,441749
10/9/2021,IN,India,SEARO,34973,33174959,260,442009
11/9/2021,IN,India,SEARO,33376,33208335,308,442317
12/9/2021,IN,India,SEARO,28591,33236926,338,442655
13/9/2021,IN,India,SEARO,27254,33264180,219,442874
14/9/2021,IN,India,SEARO,25404,33289584,339,443213
15/9/2021,IN,India,SEARO,27176,33316760,284,443497
16/9/2021,IN,India,SEARO,30570,33347330,431,443928
17/9/2021,IN,India,SEARO,34403,33381733,320,444248
18/9/2021,IN,India,SEARO,35662,33417395,281,444529
19/9/2021,IN,India,SEARO,30773,33448168,309,444838
20/9/2021,IN,India,SEARO,30256,33478424,295,445133
21/9/2021,IN,India,SEARO,26115,33504539,252,445385
22/9/2021,IN,India,SEARO,26964,33531503,383,445768
23/9/2021,IN,India,SEARO,31923,33563426,282,446050
24/9/2021,IN,India,SEARO,31382,33594808,318,446368
25/9/2021,IN,India,SEARO,29616,33624424,290,446658
26/9/2021,IN,India,SEARO,28326,33652750,260,446918
27/9/2021,IN,India,SEARO,26041,33678791,276,447194
28/9/2021,IN,India,SEARO,18795,33697586,179,447373
29/9/2021,IN,India,SEARO,18870,33716456,378,447751
30/9/2021,IN,India,SEARO,23529,33739985,311,448062
1/10/2021,IN,India,SEARO,26727,33766712,277,448339
2/10/2021,IN,India,SEARO,24354,33791066,234,448573
3/10/2021,IN,India,SEARO,22842,33813908,244,448817
4/10/2021,IN,India,SEARO,20799,33834707,180,448997
5/10/2021,IN,India,SEARO,18346,33853053,263,449260
6/10/2021,IN,India,SEARO,18833,33871886,278,449538
7/10/2021,IN,India,SEARO,22431,33894317,318,449856
8/10/2021,IN,India,SEARO,21257,33915574,271,450127
9/10/2021,IN,India,SEARO,19740,33935314,248,450375
10/10/2021,IN,India,SEARO,18166,33953480,214,450589
11/10/2021,IN,India,SEARO,18132,33971612,193,450782
12/10/2021,IN,India,SEARO,14313,33985925,181,450963
13/10/2021,IN,India,SEARO,15823,34001748,226,451189
14/10/2021,IN,India,SEARO,18987,34020735,246,451435
15/10/2021,IN,India,SEARO,16862,34037597,379,451814
16/10/2021,IN,India,SEARO,15981,34053578,166,451980
17/10/2021,IN,India,SEARO,14146,34067724,144,452124
18/10/2021,IN,India,SEARO,13596,34081320,166,452290
19/10/2021,IN,India,SEARO,13058,34094378,164,452454
20/10/2021,IN,India,SEARO,14623,34109001,197,452651
21/10/2021,IN,India,SEARO,18454,34127455,160,452811
22/10/2021,IN,India,SEARO,15786,34143241,231,453042
23/10/2021,IN,India,SEARO,16326,34159567,666,453708
24/10/2021,IN,India,SEARO,15906,34175473,561,454269
25/10/2021,IN,India,SEARO,14306,34189779,443,454712
26/10/2021,IN,India,SEARO,12428,34202207,356,455068
27/10/2021,IN,India,SEARO,13451,34215658,585,455653
28/10/2021,IN,India,SEARO,16156,34231814,733,456386
29/10/2021,IN,India,SEARO,14348,34246162,805,457191
30/10/2021,IN,India,SEARO,14313,34260475,549,457740
31/10/2021,IN,India,SEARO,12830,34273305,446,458186
1/11/2021,IN,India,SEARO,12514,34285819,251,458437
2/11/2021,IN,India,SEARO,10423,34296242,443,458880
3/11/2021,IN,India,SEARO,11903,34308145,311,459191
4/11/2021,IN,India,SEARO,12885,34321030,461,459652
5/11/2021,IN,India,SEARO,12729,34333759,221,459873
6/11/2021,IN,India,SEARO,10929,34344688,392,460265
7/11/2021,IN,India,SEARO,10853,34355541,526,460791
8/11/2021,IN,India,SEARO,11451,34366992,266,461057
9/11/2021,IN,India,SEARO,10126,34377118,332,461389
10/11/2021,IN,India,SEARO,11466,34388584,460,461849
11/11/2021,IN,India,SEARO,13091,34401675,340,462189
12/11/2021,IN,India,SEARO,12516,34414191,501,462690
13/11/2021,IN,India,SEARO,11850,34426041,555,463245
14/11/2021,IN,India,SEARO,11271,34437312,285,463530
15/11/2021,IN,India,SEARO,10229,34447541,125,463655
16/11/2021,IN,India,SEARO,8865,34456406,197,463852
17/11/2021,IN,India,SEARO,10197,34466603,301,464153
18/11/2021,IN,India,SEARO,11919,34478522,470,464623
19/11/2021,IN,India,SEARO,11106,34489628,459,465082
20/11/2021,IN,India,SEARO,10302,34499930,267,465349
21/11/2021,IN,India,SEARO,10488,34510418,313,465662
22/11/2021,IN,India,SEARO,8488,34518906,249,465911
23/11/2021,IN,India,SEARO,7579,34526485,236,466147
24/11/2021,IN,India,SEARO,9283,34535768,437,466584
25/11/2021,IN,India,SEARO,9119,34544887,396,466980
26/11/2021,IN,India,SEARO,10549,34555436,488,467468
27/11/2021,IN,India,SEARO,8318,34563754,465,467933
28/11/2021,IN,India,SEARO,8774,34572528,621,468554
29/11/2021,IN,India,SEARO,8309,34580837,236,468790
30/11/2021,IN,India,SEARO,6990,34587827,190,468980
1/12/2021,IN,India,SEARO,8954,34596781,267,469247
2/12/2021,IN,India,SEARO,9765,34606546,477,469724
3/12/2021,IN,India,SEARO,9216,34615762,391,470115
4/12/2021,IN,India,SEARO,8603,34624365,415,470530
5/12/2021,IN,India,SEARO,8895,34633260,2796,473326
6/12/2021,IN,India,SEARO,8306,34641566,211,473537
7/12/2021,IN,India,SEARO,6822,34648388,220,473757
8/12/2021,IN,India,SEARO,8439,34656827,195,473952
9/12/2021,IN,India,SEARO,9419,34666246,159,474111
10/12/2021,IN,India,SEARO,8503,34674749,624,474735
11/12/2021,IN,India,SEARO,7992,34682741,393,475128
12/12/2021,IN,India,SEARO,7774,34690515,306,475434
13/12/2021,IN,India,SEARO,7350,34697865,202,475636
14/12/2021,IN,India,SEARO,5784,34703649,252,475888
15/12/2021,IN,India,SEARO,6984,34710633,247,476135
16/12/2021,IN,India,SEARO,7974,34718607,343,476478
17/12/2021,IN,India,SEARO,7447,34726054,391,476869
18/12/2021,IN,India,SEARO,7145,34733199,289,477158
19/12/2021,IN,India,SEARO,7081,34740280,264,477422
20/12/2021,IN,India,SEARO,6563,34746843,132,477554
21/12/2021,IN,India,SEARO,5326,34752169,453,478007
22/12/2021,IN,India,SEARO,6317,34758486,318,478325
23/12/2021,IN,India,SEARO,7495,34765981,434,478759
24/12/2021,IN,India,SEARO,6650,34772631,374,479133
25/12/2021,IN,India,SEARO,7189,34779820,387,479520
26/12/2021,IN,India,SEARO,6987,34786807,162,479682
27/12/2021,IN,India,SEARO,6531,34793338,315,479997
28/12/2021,IN,India,SEARO,6358,34799696,293,480290
29/12/2021,IN,India,SEARO,9195,34808891,302,480592
30/12/2021,IN,India,SEARO,13154,34822045,268,480860
31/12/2021,IN,India,SEARO,16764,34838809,220,481080
1/1/2022,IN,India,SEARO,22775,34861584,406,481486
2/1/2022,IN,India,SEARO,27553,34889137,284,481770
3/1/2022,IN,India,SEARO,33750,34922887,123,481893
4/1/2022,IN,India,SEARO,37379,34960266,124,482017
5/1/2022,IN,India,SEARO,58097,35018363,534,482551
6/1/2022,IN,India,SEARO,90928,35109291,325,482876
7/1/2022,IN,India,SEARO,117100,35226391,302,483178
8/1/2022,IN,India,SEARO,141986,35368377,285,483463
9/1/2022,IN,India,SEARO,159632,35528009,327,483790
10/1/2022,IN,India,SEARO,179723,35707732,146,483936
11/1/2022,IN,India,SEARO,168063,35875795,277,484213
12/1/2022,IN,India,SEARO,194720,36070515,442,484655
13/1/2022,IN,India,SEARO,247417,36317932,380,485035
14/1/2022,IN,India,SEARO,264202,36582134,315,485350
15/1/2022,IN,India,SEARO,268833,36850967,402,485752
16/1/2022,IN,India,SEARO,271202,37122169,314,486066
17/1/2022,IN,India,SEARO,258089,37380258,385,486451
18/1/2022,IN,India,SEARO,238018,37618276,310,486761
19/1/2022,IN,India,SEARO,282970,37901246,441,487202
20/1/2022,IN,India,SEARO,317532,38218778,491,487693
21/1/2022,IN,India,SEARO,347254,38566032,703,488396
22/1/2022,IN,India,SEARO,337704,38903736,488,488884
23/1/2022,IN,India,SEARO,333533,39237269,525,489409
24/1/2022,IN,India,SEARO,306064,39543333,439,489848
25/1/2022,IN,India,SEARO,255874,39799207,614,490462
26/1/2022,IN,India,SEARO,285914,40085121,665,491127
27/1/2022,IN,India,SEARO,286384,40371505,573,491700
28/1/2022,IN,India,SEARO,251209,40622714,627,492327
29/1/2022,IN,India,SEARO,235532,40858246,871,493198
30/1/2022,IN,India,SEARO,234281,41092527,893,494091
31/1/2022,IN,India,SEARO,209918,41302445,959,495050
1/2/2022,IN,India,SEARO,167059,41469504,1192,496242
2/2/2022,IN,India,SEARO,161386,41630890,1733,497975
3/2/2022,IN,India,SEARO,172433,41803323,1008,498983
4/2/2022,IN,India,SEARO,149394,41952717,1072,500055
5/2/2022,IN,India,SEARO,127952,42080669,1059,501114
6/2/2022,IN,India,SEARO,107474,42188143,865,501979
7/2/2022,IN,India,SEARO,83876,42272019,895,502874
8/2/2022,IN,India,SEARO,67597,42339616,1188,504062
9/2/2022,IN,India,SEARO,71365,42410981,1217,505279
10/2/2022,IN,India,SEARO,67084,42478065,1241,506520
11/2/2022,IN,India,SEARO,58077,42536142,657,507177
12/2/2022,IN,India,SEARO,50407,42586549,804,507981
13/2/2022,IN,India,SEARO,44877,42631426,684,508665
14/2/2022,IN,India,SEARO,34113,42665539,346,509011
15/2/2022,IN,India,SEARO,27409,42692948,347,509358
16/2/2022,IN,India,SEARO,30615,42723563,514,509872
17/2/2022,IN,India,SEARO,30757,42754320,541,510413
18/2/2022,IN,India,SEARO,25920,42780240,492,510905
19/2/2022,IN,India,SEARO,22270,42802510,325,511230
20/2/2022,IN,India,SEARO,19968,42822478,673,511903
21/2/2022,IN,India,SEARO,16051,42838529,206,512109
22/2/2022,IN,India,SEARO,13405,42851934,235,512344
23/2/2022,IN,India,SEARO,15102,42867036,278,512622
24/2/2022,IN,India,SEARO,14148,42881184,302,512924
25/2/2022,IN,India,SEARO,13166,42894350,302,513226
26/2/2022,IN,India,SEARO,11499,42905849,255,513481
27/2/2022,IN,India,SEARO,10273,42916122,243,513724
28/2/2022,IN,India,SEARO,8013,42924135,119,513843
1/3/2022,IN,India,SEARO,6915,42931050,180,514023
2/3/2022,IN,India,SEARO,7554,42938604,223,514246
3/3/2022,IN,India,SEARO,6561,42945165,142,514388
4/3/2022,IN,India,SEARO,6396,42951561,201,514589
5/3/2022,IN,India,SEARO,5921,42957482,289,514878
6/3/2022,IN,India,SEARO,5476,42962958,158,515036
7/3/2022,IN,India,SEARO,4362,42967320,66,515102
8/3/2022,IN,India,SEARO,3993,42971313,108,515210
9/3/2022,IN,India,SEARO,4575,42975888,145,515355
10/3/2022,IN,India,SEARO,4184,42980072,104,515459
11/3/2022,IN,India,SEARO,4194,42984266,255,515714
12/3/2022,IN,India,SEARO,3614,42987880,89,515803
13/3/2022,IN,India,SEARO,3116,42990996,47,515850
14/3/2022,IN,India,SEARO,2503,42993499,27,515877
15/3/2022,IN,India,SEARO,2568,42996067,97,515974
16/3/2022,IN,India,SEARO,2876,42998943,98,516072
17/3/2022,IN,India,SEARO,2539,43001482,60,516132
18/3/2022,IN,India,SEARO,2528,43004010,149,516281
19/3/2022,IN,India,SEARO,2075,43006085,71,516352
20/3/2022,IN,India,SEARO,1761,43007846,127,516479
21/3/2022,IN,India,SEARO,1549,43009395,31,516510
22/3/2022,IN,India,SEARO,1581,43010976,33,516543
23/3/2022,IN,India,SEARO,1778,43012754,62,516605
24/3/2022,IN,India,SEARO,1938,43014692,67,516672
25/3/2022,IN,India,SEARO,1685,43016377,83,516755
26/3/2022,IN,India,SEARO,1660,43018037,4100,520855
27/3/2022,IN,India,SEARO,1421,43019458,149,521004
28/3/2022,IN,India,SEARO,1270,43020728,31,521035
29/3/2022,IN,India,SEARO,1259,43021987,35,521070
30/3/2022,IN,India,SEARO,1233,43023220,31,521101
31/3/2022,IN,India,SEARO,1225,43024445,28,521129
1/4/2022,IN,India,SEARO,1335,43025780,52,521181
2/4/2022,IN,India,SEARO,1260,43027040,83,521264
3/4/2022,IN,India,SEARO,1096,43028136,81,521345
4/4/2022,IN,India,SEARO,913,43029049,13,521358
5/4/2022,IN,India,SEARO,795,43029844,58,521416
6/4/2022,IN,India,SEARO,1086,43030930,71,521487
7/4/2022,IN,India,SEARO,1033,43031963,43,521530
8/4/2022,IN,India,SEARO,1109,43033072,43,521573
9/4/2022,IN,India,SEARO,1150,43034222,83,521656
10/4/2022,IN,India,SEARO,1054,43035276,29,521685
11/4/2022,IN,India,SEARO,861,43036137,6,521691
12/4/2022,IN,India,SEARO,796,43036933,19,521710
13/4/2022,IN,India,SEARO,1088,43038021,26,521736
14/4/2022,IN,India,SEARO,1007,43039028,1,521737
15/4/2022,IN,India,SEARO,949,43039977,6,521743
16/4/2022,IN,India,SEARO,975,43040952,4,521747
17/4/2022,IN,India,SEARO,1150,43042102,4,521751
18/4/2022,IN,India,SEARO,2183,43044285,214,521965
19/4/2022,IN,India,SEARO,1247,43045532,1,521966
20/4/2022,IN,India,SEARO,2067,43047599,40,522006
21/4/2022,IN,India,SEARO,2380,43049979,56,522062
22/4/2022,IN,India,SEARO,2451,43052430,54,522116
23/4/2022,IN,India,SEARO,2527,43054957,33,522149
24/4/2022,IN,India,SEARO,2593,43057550,44,522193
25/4/2022,IN,India,SEARO,2541,43060091,30,522223
26/4/2022,IN,India,SEARO,2483,43062574,1399,523622
27/4/2022,IN,India,SEARO,2927,43065501,32,523654
28/4/2022,IN,India,SEARO,3303,43068804,39,523693
29/4/2022,IN,India,SEARO,3377,43072181,60,523753
30/4/2022,IN,India,SEARO,3688,43075869,50,523803
1/5/2022,IN,India,SEARO,3324,43079193,40,523843
2/5/2022,IN,India,SEARO,3157,43082350,26,523869
3/5/2022,IN,India,SEARO,2568,43084918,20,523889
4/5/2022,IN,India,SEARO,3205,43088123,31,523920
5/5/2022,IN,India,SEARO,3275,43091398,55,523975
6/5/2022,IN,India,SEARO,3545,43094943,27,524002
7/5/2022,IN,India,SEARO,3805,43098748,22,524024
8/5/2022,IN,India,SEARO,3451,43102199,40,524064
9/5/2022,IN,India,SEARO,3207,43105406,29,524093
10/5/2022,IN,India,SEARO,2288,43107694,10,524103
11/5/2022,IN,India,SEARO,2897,43110591,54,524157
12/5/2022,IN,India,SEARO,2827,43113418,24,524181
13/5/2022,IN,India,SEARO,2841,43116259,9,524190
14/5/2022,IN,India,SEARO,2858,43119117,11,524201
15/5/2022,IN,India,SEARO,2487,43121604,13,524214
16/5/2022,IN,India,SEARO,2202,43123806,27,524241
17/5/2022,IN,India,SEARO,1569,43125375,19,524260
18/5/2022,IN,India,SEARO,1829,43127204,33,524293
19/5/2022,IN,India,SEARO,2364,43129568,10,524303
20/5/2022,IN,India,SEARO,2259,43131827,20,524323
21/5/2022,IN,India,SEARO,2323,43134150,25,524348
22/5/2022,IN,India,SEARO,2226,43136376,65,524413
23/5/2022,IN,India,SEARO,2022,43138398,46,524459
24/5/2022,IN,India,SEARO,1675,43140073,31,524490
25/5/2022,IN,India,SEARO,2124,43142197,17,524507
26/5/2022,IN,India,SEARO,2628,43144825,18,524525
27/5/2022,IN,India,SEARO,2710,43147535,14,524539
28/5/2022,IN,India,SEARO,2685,43150220,33,524572
29/5/2022,IN,India,SEARO,2828,43153048,14,524586
30/5/2022,IN,India,SEARO,2706,43155754,25,524611
31/5/2022,IN,India,SEARO,2338,43158092,19,524630
1/6/2022,IN,India,SEARO,2745,43160837,6,524636
2/6/2022,IN,India,SEARO,3712,43164549,5,524641
3/6/2022,IN,India,SEARO,4041,43168590,10,524651
4/6/2022,IN,India,SEARO,3962,43172552,26,524677
5/6/2022,IN,India,SEARO,4270,43176822,15,524692
6/6/2022,IN,India,SEARO,4518,43181340,9,524701
7/6/2022,IN,India,SEARO,3714,43185054,7,524708
8/6/2022,IN,India,SEARO,5233,43190287,7,524715
9/6/2022,IN,India,SEARO,7240,43197527,8,524723
10/6/2022,IN,India,SEARO,7584,43205111,24,524747
11/6/2022,IN,India,SEARO,8329,43213440,10,524757
12/6/2022,IN,India,SEARO,8582,43222022,4,524761
13/6/2022,IN,India,SEARO,8084,43230106,10,524771
14/6/2022,IN,India,SEARO,6594,43236700,6,524777
15/6/2022,IN,India,SEARO,8822,43245522,15,524792
16/6/2022,IN,India,SEARO,12213,43257735,11,524803
17/6/2022,IN,India,SEARO,12847,43270582,14,524817
18/6/2022,IN,India,SEARO,13216,43283798,23,524840
19/6/2022,IN,India,SEARO,12899,43296697,15,524855
20/6/2022,IN,India,SEARO,12781,43309478,18,524873
21/6/2022,IN,India,SEARO,9923,43319401,17,524890
22/6/2022,IN,India,SEARO,12249,43331650,13,524903
23/6/2022,IN,India,SEARO,13313,43344963,38,524941
24/6/2022,IN,India,SEARO,17336,43362299,13,524954
25/6/2022,IN,India,SEARO,15940,43378239,20,524974
26/6/2022,IN,India,SEARO,11739,43389978,25,524999
27/6/2022,IN,India,SEARO,17073,43407051,21,525020
28/6/2022,IN,India,SEARO,11793,43418844,27,525047
29/6/2022,IN,India,SEARO,14506,43433350,30,525077
30/6/2022,IN,India,SEARO,18819,43452169,39,525116
1/7/2022,IN,India,SEARO,17070,43469239,23,525139
2/7/2022,IN,India,SEARO,17092,43486331,29,525168
3/7/2022,IN,India,SEARO,16103,43502434,31,525199
4/7/2022,IN,India,SEARO,16135,43518569,24,525223
5/7/2022,IN,India,SEARO,13086,43531655,19,525242
6/7/2022,IN,India,SEARO,16159,43547814,28,525270
7/7/2022,IN,India,SEARO,18930,43566744,35,525305
8/7/2022,IN,India,SEARO,18815,43585559,38,525343
9/7/2022,IN,India,SEARO,18840,43604399,43,525386
10/7/2022,IN,India,SEARO,18257,43622656,42,525428
11/7/2022,IN,India,SEARO,16678,43639334,26,525454
12/7/2022,IN,India,SEARO,13615,43652949,20,525474
13/7/2022,IN,India,SEARO,16906,43669855,45,525519
14/7/2022,IN,India,SEARO,20139,43689994,38,525557
15/7/2022,IN,India,SEARO,20038,43710032,47,525604
16/7/2022,IN,India,SEARO,20044,43730076,56,525660
17/7/2022,IN,India,SEARO,20528,43750604,49,525709
18/7/2022,IN,India,SEARO,16935,43767539,51,525760
19/7/2022,IN,India,SEARO,15528,43783067,25,525785
20/7/2022,IN,India,SEARO,20557,43803624,40,525825
21/7/2022,IN,India,SEARO,21566,43825190,45,525870
22/7/2022,IN,India,SEARO,21880,43847070,60,525930
23/7/2022,IN,India,SEARO,21411,43868481,67,525997
24/7/2022,IN,India,SEARO,20279,43888760,36,526033
25/7/2022,IN,India,SEARO,16866,43905626,41,526074
26/7/2022,IN,India,SEARO,14830,43920456,36,526110
27/7/2022,IN,India,SEARO,18313,43938769,57,526167
28/7/2022,IN,India,SEARO,20557,43959326,45,526212
29/7/2022,IN,India,SEARO,20409,43979735,46,526258
30/7/2022,IN,India,SEARO,20408,44000143,54,526312
31/7/2022,IN,India,SEARO,19673,44019816,45,526357
1/8/2022,IN,India,SEARO,16464,44036280,39,526396
2/8/2022,IN,India,SEARO,13734,44050014,34,526430
3/8/2022,IN,India,SEARO,17135,44067149,47,526477
4/8/2022,IN,India,SEARO,19893,44087042,53,526530
5/8/2022,IN,India,SEARO,20551,44107593,70,526600
6/8/2022,IN,India,SEARO,19406,44126999,49,526649
7/8/2022,IN,India,SEARO,18738,44145737,40,526689
8/8/2022,IN,India,SEARO,16167,44161904,41,526730
9/8/2022,IN,India,SEARO,12751,44174655,42,526772
10/8/2022,IN,India,SEARO,16047,44190702,54,526826
11/8/2022,IN,India,SEARO,16299,44207001,53,526879
12/8/2022,IN,India,SEARO,16561,44223562,49,526928
13/8/2022,IN,India,SEARO,15815,44239377,68,526996
14/8/2022,IN,India,SEARO,14092,44253469,41,527037
15/8/2022,IN,India,SEARO,14917,44268386,32,527069
16/8/2022,IN,India,SEARO,8813,44277199,29,527098
17/8/2022,IN,India,SEARO,9062,44286261,36,527134
18/8/2022,IN,India,SEARO,12608,44298869,72,527206
19/8/2022,IN,India,SEARO,15754,44314623,47,527253
20/8/2022,IN,India,SEARO,13272,44327895,36,527289
21/8/2022,IN,India,SEARO,11539,44339434,43,527332
22/8/2022,IN,India,SEARO,9531,44348965,36,527368
23/8/2022,IN,India,SEARO,8586,44357551,48,527416
24/8/2022,IN,India,SEARO,10649,44368200,36,527452
25/8/2022,IN,India,SEARO,10725,44378925,36,527488
26/8/2022,IN,India,SEARO,10256,44389181,68,527556
27/8/2022,IN,India,SEARO,9520,44398701,41,527597
28/8/2022,IN,India,SEARO,9436,44408137,157,527754
29/8/2022,IN,India,SEARO,7591,44415728,45,527799
30/8/2022,IN,India,SEARO,5439,44421167,30,527829
31/8/2022,IN,India,SEARO,7231,44428398,45,527874
1/9/2022,IN,India,SEARO,7946,44436344,37,527911
2/9/2022,IN,India,SEARO,6168,44442512,21,527932
3/9/2022,IN,India,SEARO,7211,44449723,25,527957
4/9/2022,IN,India,SEARO,6817,44456540,34,527991
5/9/2022,IN,India,SEARO,5910,44462450,16,528007
6/9/2022,IN,India,SEARO,4417,44466867,23,528030
7/9/2022,IN,India,SEARO,5379,44472246,27,528057
8/9/2022,IN,India,SEARO,6395,44478641,33,528090
9/9/2022,IN,India,SEARO,6093,44484734,31,528121
10/9/2022,IN,India,SEARO,5554,44490288,18,528139
11/9/2022,IN,India,SEARO,5076,44495364,11,528150
12/9/2022,IN,India,SEARO,5221,44500585,15,528165
13/9/2022,IN,India,SEARO,4369,44504954,20,528185
14/9/2022,IN,India,SEARO,5108,44510062,31,528216
15/9/2022,IN,India,SEARO,6422,44516484,34,528250
16/9/2022,IN,India,SEARO,6298,44522782,23,528273
17/9/2022,IN,India,SEARO,5747,44528529,29,528302
18/9/2022,IN,India,SEARO,5664,44534193,35,528337
19/9/2022,IN,India,SEARO,4858,44539051,18,528355
20/9/2022,IN,India,SEARO,4043,44543094,15,528370
21/9/2022,IN,India,SEARO,4510,44547604,33,528403
22/9/2022,IN,India,SEARO,5443,44553047,26,528429
23/9/2022,IN,India,SEARO,5383,44558430,20,528449
24/9/2022,IN,India,SEARO,4912,44563342,38,528487
25/9/2022,IN,India,SEARO,4777,44568119,23,528510
26/9/2022,IN,India,SEARO,4129,44572248,20,528530
27/9/2022,IN,India,SEARO,3230,44575478,32,528562
28/9/2022,IN,India,SEARO,3615,44579093,22,528584
29/9/2022,IN,India,SEARO,4272,44583365,27,528611
30/9/2022,IN,India,SEARO,3947,44587312,18,528629
1/10/2022,IN,India,SEARO,3805,44591117,26,528655
2/10/2022,IN,India,SEARO,3375,44594492,18,528673
3/10/2022,IN,India,SEARO,3011,44597503,28,528701
4/10/2022,IN,India,SEARO,1968,44599471,15,528716
5/10/2022,IN,India,SEARO,2468,44601939,17,528733
6/10/2022,IN,India,SEARO,2529,44604468,12,528745
7/10/2022,IN,India,SEARO,1997,44606465,9,528754
8/10/2022,IN,India,SEARO,2797,44609262,24,528778
9/10/2022,IN,India,SEARO,2756,44612018,21,528799
10/10/2022,IN,India,SEARO,2424,44614442,15,528814
11/10/2022,IN,India,SEARO,1957,44616399,8,528822
12/10/2022,IN,India,SEARO,2139,44618538,13,528835
13/10/2022,IN,India,SEARO,2786,44621324,12,528847
14/10/2022,IN,India,SEARO,2678,44624002,10,528857
15/10/2022,IN,India,SEARO,2430,44626432,17,528874
16/10/2022,IN,India,SEARO,2401,44628833,21,528895
17/10/2022,IN,India,SEARO,2060,44630893,10,528905
18/10/2022,IN,India,SEARO,1542,44632435,8,528913
19/10/2022,IN,India,SEARO,1946,44634381,10,528923
20/10/2022,IN,India,SEARO,2141,44636522,20,528943
21/10/2022,IN,India,SEARO,2119,44638641,10,528953
22/10/2022,IN,India,SEARO,2112,44640753,4,528957
23/10/2022,IN,India,SEARO,1994,44642747,4,528961
24/10/2022,IN,India,SEARO,1334,44644081,16,528977
25/10/2022,IN,India,SEARO,862,44644943,3,528980
26/10/2022,IN,India,SEARO,830,44645773,1,528981
27/10/2022,IN,India,SEARO,1112,44646885,6,528987
28/10/2022,IN,India,SEARO,2208,44649093,12,528999
29/10/2022,IN,India,SEARO,1574,44650667,9,529008
30/10/2022,IN,India,SEARO,1604,44652271,8,529016
31/10/2022,IN,India,SEARO,1326,44653597,8,529024
1/11/2022,IN,India,SEARO,1046,44654643,53,529077
2/11/2022,IN,India,SEARO,1190,44655833,1375,530452
3/11/2022,IN,India,SEARO,1321,44657154,9,530461
4/11/2022,IN,India,SEARO,1216,44658370,18,530479
5/11/2022,IN,India,SEARO,1082,44659452,7,530486
6/11/2022,IN,India,SEARO,1132,44660584,14,530500
7/11/2022,IN,India,SEARO,937,44661521,9,530509
8/11/2022,IN,India,SEARO,625,44662146,0,530509
9/11/2022,IN,India,SEARO,811,44662957,2,530511
10/11/2022,IN,India,SEARO,1016,44663973,3,530514
11/11/2022,IN,India,SEARO,842,44664815,6,530520
12/11/2022,IN,India,SEARO,833,44665648,8,530528
13/11/2022,IN,India,SEARO,734,44666382,3,530531
14/11/2022,IN,India,SEARO,547,44666929,1,530532
15/11/2022,IN,India,SEARO,0,44666929,1,530533
16/11/2022,IN,India,SEARO,501,44667430,2,530535
17/11/2022,IN,India,SEARO,635,44668065,11,530546
18/11/2022,IN,India,SEARO,656,44668721,7,530553
19/11/2022,IN,India,SEARO,556,44669277,17,530570
20/11/2022,IN,India,SEARO,492,44669769,4,530574
21/11/2022,IN,India,SEARO,406,44670175,12,530586
22/11/2022,IN,India,SEARO,294,44670469,5,530591
23/11/2022,IN,India,SEARO,360,44670829,5,530596
24/11/2022,IN,India,SEARO,408,44671237,5,530601
25/11/2022,IN,India,SEARO,347,44671584,3,530604
26/11/2022,IN,India,SEARO,389,44671973,4,530608
27/11/2022,IN,India,SEARO,343,44672316,4,530612
28/11/2022,IN,India,SEARO,291,44672607,2,530614
29/11/2022,IN,India,SEARO,215,44672822,1,530615
30/11/2022,IN,India,SEARO,279,44673101,5,530620
1/12/2022,IN,India,SEARO,291,44673392,2,530622
2/12/2022,IN,India,SEARO,275,44673667,2,530624
3/12/2022,IN,India,SEARO,253,44673920,3,530627
4/12/2022,IN,India,SEARO,226,44674146,1,530628
5/12/2022,IN,India,SEARO,226,44674372,2,530630
6/12/2022,IN,India,SEARO,165,44674537,3,530633
7/12/2022,IN,India,SEARO,166,44674703,5,530638
8/12/2022,IN,India,SEARO,241,44674944,9,530647
9/12/2022,IN,India,SEARO,249,44675193,6,530653
10/12/2022,IN,India,SEARO,210,44675403,1,530654
11/12/2022,IN,India,SEARO,173,44675576,4,530658
12/12/2022,IN,India,SEARO,159,44675735,0,530658
13/12/2022,IN,India,SEARO,114,44675849,0,530658
14/12/2022,IN,India,SEARO,152,44676001,0,530658
15/12/2022,IN,India,SEARO,200,44676201,5,530663
16/12/2022,IN,India,SEARO,162,44676363,0,530663
17/12/2022,IN,India,SEARO,167,44676530,4,530667
18/12/2022,IN,India,SEARO,176,44676706,5,530672
19/12/2022,IN,India,SEARO,135,44676841,2,530674
20/12/2022,IN,India,SEARO,112,44676953,3,530677
21/12/2022,IN,India,SEARO,131,44677084,3,530680
22/12/2022,IN,India,SEARO,185,44677269,1,530681
23/12/2022,IN,India,SEARO,163,44677432,9,530690
24/12/2022,IN,India,SEARO,201,44677633,1,530691
25/12/2022,IN,India,SEARO,227,44677860,2,530693
26/12/2022,IN,India,SEARO,196,44678056,2,530695
27/12/2022,IN,India,SEARO,157,44678213,1,530696
28/12/2022,IN,India,SEARO,188,44678401,0,530696
29/12/2022,IN,India,SEARO,268,44678669,2,530698
30/12/2022,IN,India,SEARO,243,44678912,1,530699
31/12/2022,IN,India,SEARO,226,44679138,3,530702
